Date for US Imports and Exports,Weekly U.S. Exports of Crude Oil and Petroleum Products (Thousand Barrels per Day),Weekly U.S. Exports of Crude Oil (Thousand Barrels per Day),Weekly U.S. Exports of Total Petroleum Products (Thousand Barrels per Day),Date for Retail Gas Price,Weekly U.S. All Grades All Formulations Retail Gasoline Prices (Dollars per Gallon),Season
9-Nov-01,10772,9639,1133,12-Nov-01,1.224,autumn
16-Nov-01,10243,8879,1364,19-Nov-01,1.208,autumn
23-Nov-01,9576,8187,1389,26-Nov-01,1.168,autumn
30-Nov-01,11170,9856,1314,3-Dec-01,1.149,autumn
7-Dec-01,9885,8966,919,10-Dec-01,1.136,winter
14-Dec-01,10189,8772,1417,17-Dec-01,1.101,winter
21-Dec-01,9826,8657,1169,24-Dec-01,1.113,winter
28-Dec-01,9360,8132,1228,31-Dec-01,1.137,winter
4-Jan-02,10100,8628,1472,7-Jan-02,1.152,winter
11-Jan-02,9650,8483,1167,14-Jan-02,1.152,winter
18-Jan-02,10136,9153,983,21-Jan-02,1.146,winter
25-Jan-02,9933,8555,1378,28-Jan-02,1.142,winter
1-Feb-02,9847,8562,1285,4-Feb-02,1.157,winter
8-Feb-02,10276,9260,1016,11-Feb-02,1.148,winter
15-Feb-02,9604,8001,1603,18-Feb-02,1.157,winter
22-Feb-02,9114,8062,1052,25-Feb-02,1.157,winter
1-Mar-02,9504,8168,1336,4-Mar-02,1.185,spring
8-Mar-02,9249,8127,1122,11-Mar-02,1.262,spring
15-Mar-02,9469,8415,1054,18-Mar-02,1.328,spring
22-Mar-02,9132,7825,1307,25-Mar-02,1.382,spring
29-Mar-02,10600,9094,1506,1-Apr-02,1.412,spring
5-Apr-02,10522,8816,1706,8-Apr-02,1.454,spring
12-Apr-02,9529,8232,1297,15-Apr-02,1.446,spring
19-Apr-02,10467,9100,1367,22-Apr-02,1.446,spring
26-Apr-02,10768,9376,1392,29-Apr-02,1.435,spring
3-May-02,10905,9128,1777,6-May-02,1.437,spring
10-May-02,10047,8733,1314,13-May-02,1.431,spring
17-May-02,11178,9069,2109,20-May-02,1.439,spring
24-May-02,10475,8812,1663,27-May-02,1.429,spring
31-May-02,10103,9135,968,3-Jun-02,1.433,summer
7-Jun-02,9904,8700,1204,10-Jun-02,1.417,summer
14-Jun-02,10234,9188,1046,17-Jun-02,1.419,summer
21-Jun-02,10836,9000,1836,24-Jun-02,1.425,summer
28-Jun-02,11058,9561,1497,1-Jul-02,1.433,summer
5-Jul-02,9195,8387,808,8-Jul-02,1.423,summer
12-Jul-02,10323,9133,1190,15-Jul-02,1.435,summer
19-Jul-02,10327,9196,1131,22-Jul-02,1.451,summer
26-Jul-02,10351,9138,1213,29-Jul-02,1.447,summer
2-Aug-02,10109,8656,1453,5-Aug-02,1.437,summer
9-Aug-02,10132,9163,969,12-Aug-02,1.435,summer
16-Aug-02,10528,9368,1160,19-Aug-02,1.434,summer
23-Aug-02,10730,9170,1560,26-Aug-02,1.444,summer
30-Aug-02,10412,9204,1208,2-Sep-02,1.436,summer
6-Sep-02,9980,8310,1670,9-Sep-02,1.437,autumn
13-Sep-02,9733,8636,1097,16-Sep-02,1.442,autumn
20-Sep-02,10036,8924,1112,23-Sep-02,1.436,autumn
27-Sep-02,9791,8480,1311,30-Sep-02,1.455,autumn
4-Oct-02,9912,8161,1751,7-Oct-02,1.48,autumn
11-Oct-02,10357,9472,885,14-Oct-02,1.481,autumn
18-Oct-02,10951,9962,989,21-Oct-02,1.499,autumn
25-Oct-02,10504,9005,1499,28-Oct-02,1.485,autumn
1-Nov-02,10853,9089,1764,4-Nov-02,1.489,autumn
8-Nov-02,10496,9167,1329,11-Nov-02,1.48,autumn
15-Nov-02,11019,10149,870,18-Nov-02,1.451,autumn
22-Nov-02,10862,8947,1915,25-Nov-02,1.423,autumn
29-Nov-02,11207,9493,1714,2-Dec-02,1.408,autumn
6-Dec-02,11265,9872,1393,9-Dec-02,1.404,winter
13-Dec-02,10799,9403,1396,16-Dec-02,1.407,winter
20-Dec-02,10531,9135,1396,23-Dec-02,1.443,winter
27-Dec-02,8824,7621,1203,30-Dec-02,1.484,winter
3-Jan-03,9613,8279,1334,6-Jan-03,1.487,winter
10-Jan-03,10141,8479,1662,13-Jan-03,1.496,winter
17-Jan-03,9885,8735,1150,20-Jan-03,1.502,winter
24-Jan-03,10255,8668,1587,27-Jan-03,1.515,winter
31-Jan-03,9564,8369,1195,3-Feb-03,1.569,winter
7-Feb-03,8874,7187,1687,10-Feb-03,1.649,winter
14-Feb-03,10136,8752,1384,17-Feb-03,1.701,winter
21-Feb-03,9699,8315,1384,24-Feb-03,1.699,winter
28-Feb-03,10647,8669,1978,3-Mar-03,1.726,winter
7-Mar-03,8857,7611,1246,10-Mar-03,1.752,spring
14-Mar-03,10632,8683,1949,17-Mar-03,1.768,spring
21-Mar-03,12083,9645,2438,24-Mar-03,1.732,spring
28-Mar-03,11738,10351,1387,31-Mar-03,1.692,spring
4-Apr-03,10484,8907,1577,7-Apr-03,1.673,spring
11-Apr-03,10846,9395,1451,14-Apr-03,1.639,spring
18-Apr-03,11947,10604,1343,21-Apr-03,1.618,spring
25-Apr-03,11165,9659,1506,28-Apr-03,1.6,spring
2-May-03,11618,9846,1772,5-May-03,1.556,spring
9-May-03,10485,9324,1161,12-May-03,1.534,spring
16-May-03,11954,10063,1891,19-May-03,1.539,spring
23-May-03,11719,10031,1688,26-May-03,1.528,spring
30-May-03,12111,10511,1600,2-Jun-03,1.514,spring
6-Jun-03,11680,9874,1806,9-Jun-03,1.53,summer
13-Jun-03,12211,10292,1919,16-Jun-03,1.558,summer
20-Jun-03,11199,9322,1877,23-Jun-03,1.537,summer
27-Jun-03,11287,9456,1831,30-Jun-03,1.528,summer
4-Jul-03,11288,9589,1699,7-Jul-03,1.53,summer
11-Jul-03,11470,9722,1748,14-Jul-03,1.563,summer
18-Jul-03,11008,9431,1577,21-Jul-03,1.566,summer
25-Jul-03,11953,10074,1879,28-Jul-03,1.558,summer
1-Aug-03,12041,10284,1757,4-Aug-03,1.576,summer
8-Aug-03,11272,9960,1312,11-Aug-03,1.611,summer
15-Aug-03,11808,9858,1950,18-Aug-03,1.668,summer
22-Aug-03,11695,10236,1459,25-Aug-03,1.787,summer
29-Aug-03,12230,10104,2126,1-Sep-03,1.786,summer
5-Sep-03,11063,9626,1437,8-Sep-03,1.758,autumn
12-Sep-03,12372,10749,1623,15-Sep-03,1.739,autumn
19-Sep-03,12026,10289,1737,22-Sep-03,1.686,autumn
26-Sep-03,11171,9503,1668,29-Sep-03,1.635,autumn
3-Oct-03,11498,9842,1656,6-Oct-03,1.617,autumn
10-Oct-03,11395,10009,1386,13-Oct-03,1.611,autumn
17-Oct-03,10582,9503,1079,20-Oct-03,1.612,autumn
24-Oct-03,11329,10149,1180,27-Oct-03,1.584,autumn
31-Oct-03,11684,10166,1518,3-Nov-03,1.577,autumn
7-Nov-03,11383,9938,1445,10-Nov-03,1.547,autumn
14-Nov-03,11482,10344,1138,17-Nov-03,1.54,autumn
21-Nov-03,10656,9141,1515,24-Nov-03,1.554,autumn
28-Nov-03,11158,9118,2040,1-Dec-03,1.533,autumn
5-Dec-03,10486,9521,965,8-Dec-03,1.519,winter
12-Dec-03,10210,9130,1080,15-Dec-03,1.509,winter
19-Dec-03,10768,9505,1263,22-Dec-03,1.528,winter
26-Dec-03,10911,9428,1483,29-Dec-03,1.521,winter
2-Jan-04,11090,9749,1341,5-Jan-04,1.552,winter
9-Jan-04,10640,9204,1436,12-Jan-04,1.603,winter
16-Jan-04,11610,9793,1817,19-Jan-04,1.637,winter
23-Jan-04,10240,8624,1616,26-Jan-04,1.664,winter
30-Jan-04,12214,10478,1736,2-Feb-04,1.66,winter
6-Feb-04,9711,8437,1274,9-Feb-04,1.681,winter
13-Feb-04,12187,10150,2037,16-Feb-04,1.69,winter
20-Feb-04,11691,8997,2694,23-Feb-04,1.73,winter
27-Feb-04,11643,9827,1816,1-Mar-04,1.758,winter
5-Mar-04,12089,9778,2311,8-Mar-04,1.78,spring
12-Mar-04,11502,9488,2014,15-Mar-04,1.767,spring
19-Mar-04,11789,10098,1691,22-Mar-04,1.785,spring
26-Mar-04,11954,10067,1887,29-Mar-04,1.8,spring
2-Apr-04,11826,9747,2079,5-Apr-04,1.822,spring
9-Apr-04,11145,9451,1694,12-Apr-04,1.827,spring
16-Apr-04,11974,9666,2308,19-Apr-04,1.853,spring
23-Apr-04,12193,10459,1734,26-Apr-04,1.853,spring
30-Apr-04,11170,9781,1389,3-May-04,1.884,spring
7-May-04,11704,9909,1795,10-May-04,1.979,spring
14-May-04,12022,9922,2100,17-May-04,2.055,spring
21-May-04,12047,10483,1564,24-May-04,2.104,spring
28-May-04,12757,10693,2064,31-May-04,2.092,spring
4-Jun-04,12199,10473,1726,7-Jun-04,2.075,summer
11-Jun-04,11697,10261,1436,14-Jun-04,2.029,summer
18-Jun-04,11797,10178,1619,21-Jun-04,1.981,summer
25-Jun-04,12573,10581,1992,28-Jun-04,1.965,summer
2-Jul-04,11897,10128,1769,5-Jul-04,1.939,summer
9-Jul-04,11663,10044,1619,12-Jul-04,1.959,summer
16-Jul-04,11350,9891,1459,19-Jul-04,1.971,summer
23-Jul-04,13428,11314,2114,26-Jul-04,1.948,summer
30-Jul-04,12245,10341,1904,2-Aug-04,1.93,summer
6-Aug-04,11529,9508,2021,9-Aug-04,1.92,summer
13-Aug-04,12050,10391,1659,16-Aug-04,1.917,summer
20-Aug-04,12485,10539,1946,23-Aug-04,1.926,summer
27-Aug-04,12150,10270,1880,30-Aug-04,1.909,summer
3-Sep-04,12499,10701,1798,6-Sep-04,1.893,autumn
10-Sep-04,11454,9904,1550,13-Sep-04,1.889,autumn
17-Sep-04,10182,8416,1766,20-Sep-04,1.908,autumn
24-Sep-04,12262,9876,2386,27-Sep-04,1.959,autumn
1-Oct-04,12313,10170,2143,4-Oct-04,1.98,autumn
8-Oct-04,12077,10037,2040,11-Oct-04,2.035,autumn
15-Oct-04,12101,10080,2021,18-Oct-04,2.077,autumn
22-Oct-04,12141,10300,1841,25-Oct-04,2.074,autumn
29-Oct-04,12369,10659,1710,1-Nov-04,2.076,autumn
5-Nov-04,12394,10479,1915,8-Nov-04,2.045,autumn
12-Nov-04,12296,10213,2083,15-Nov-04,2.014,autumn
19-Nov-04,11979,10179,1800,22-Nov-04,1.992,autumn
26-Nov-04,12009,10046,1963,29-Nov-04,1.989,autumn
3-Dec-04,13094,10854,2240,6-Dec-04,1.956,winter
10-Dec-04,11930,10356,1574,13-Dec-04,1.893,winter
17-Dec-04,12103,10535,1568,20-Dec-04,1.861,winter
24-Dec-04,11478,9853,1625,27-Dec-04,1.838,winter
31-Dec-04,11664,9765,1899,3-Jan-05,1.824,winter
7-Jan-05,11161,9963,1198,10-Jan-05,1.837,winter
14-Jan-05,11769,10110,1659,17-Jan-05,1.863,winter
21-Jan-05,12422,10448,1974,24-Jan-05,1.896,winter
28-Jan-05,11953,9876,2077,31-Jan-05,1.953,winter
4-Feb-05,12070,9904,2166,7-Feb-05,1.952,winter
11-Feb-05,12297,10424,1873,14-Feb-05,1.941,winter
18-Feb-05,11801,9633,2168,21-Feb-05,1.948,winter
25-Feb-05,12335,10055,2280,28-Feb-05,1.969,winter
4-Mar-05,12018,10082,1936,7-Mar-05,2.04,spring
11-Mar-05,11874,10031,1843,14-Mar-05,2.098,spring
18-Mar-05,12400,10260,2140,21-Mar-05,2.149,spring
25-Mar-05,12520,10558,1962,28-Mar-05,2.194,spring
1-Apr-05,11369,9880,1489,4-Apr-05,2.258,spring
8-Apr-05,11845,9853,1992,11-Apr-05,2.321,spring
15-Apr-05,11693,9708,1985,18-Apr-05,2.28,spring
22-Apr-05,12849,10853,1996,25-Apr-05,2.279,spring
29-Apr-05,12312,10249,2063,2-May-05,2.277,spring
6-May-05,12328,9975,2353,9-May-05,2.231,spring
13-May-05,12843,10839,2004,16-May-05,2.206,spring
20-May-05,12535,10291,2244,23-May-05,2.169,spring
27-May-05,12548,10678,1870,30-May-05,2.141,spring
3-Jun-05,11812,10203,1609,6-Jun-05,2.159,summer
10-Jun-05,12552,10600,1952,13-Jun-05,2.173,summer
17-Jun-05,11977,10160,1817,20-Jun-05,2.204,summer
24-Jun-05,12677,10954,1723,27-Jun-05,2.257,summer
1-Jul-05,12676,10200,2476,4-Jul-05,2.268,summer
8-Jul-05,11898,9935,1963,11-Jul-05,2.369,summer
15-Jul-05,12832,10806,2026,18-Jul-05,2.36,summer
22-Jul-05,11823,9921,1902,25-Jul-05,2.333,summer
29-Jul-05,13053,10937,2116,1-Aug-05,2.335,summer
5-Aug-05,13362,11038,2324,8-Aug-05,2.41,summer
12-Aug-05,12143,10286,1857,15-Aug-05,2.592,summer
19-Aug-05,12830,10558,2272,22-Aug-05,2.654,summer
26-Aug-05,12969,10444,2525,29-Aug-05,2.653,summer
2-Sep-05,11280,9512,1768,5-Sep-05,3.117,autumn
9-Sep-05,11502,9109,2393,12-Sep-05,3.002,autumn
16-Sep-05,12605,9813,2792,19-Sep-05,2.835,autumn
23-Sep-05,12195,9674,2521,26-Sep-05,2.851,autumn
30-Sep-05,11723,8100,3623,3-Oct-05,2.975,autumn
7-Oct-05,12099,8599,3500,10-Oct-05,2.896,autumn
14-Oct-05,13331,9187,4144,17-Oct-05,2.775,autumn
21-Oct-05,13419,9937,3482,24-Oct-05,2.652,autumn
28-Oct-05,13243,10040,3203,31-Oct-05,2.528,autumn
4-Nov-05,14370,10564,3806,7-Nov-05,2.424,autumn
11-Nov-05,12920,9680,3240,14-Nov-05,2.342,autumn
18-Nov-05,12950,10199,2751,21-Nov-05,2.247,autumn
25-Nov-05,12617,9673,2944,28-Nov-05,2.2,autumn
2-Dec-05,12977,10559,2418,5-Dec-05,2.191,winter
9-Dec-05,13755,10409,3346,12-Dec-05,2.228,winter
16-Dec-05,12651,9839,2812,19-Dec-05,2.255,winter
23-Dec-05,12770,10169,2601,26-Dec-05,2.241,winter
30-Dec-05,12292,10038,2254,2-Jan-06,2.281,winter
6-Jan-06,12865,9850,3015,9-Jan-06,2.371,winter
13-Jan-06,13189,9826,3363,16-Jan-06,2.366,winter
20-Jan-06,12172,9237,2935,23-Jan-06,2.382,winter
27-Jan-06,11970,9575,2395,30-Jan-06,2.402,winter
3-Feb-06,12420,9839,2581,6-Feb-06,2.388,winter
10-Feb-06,13396,10243,3153,13-Feb-06,2.331,winter
17-Feb-06,12855,9938,2917,20-Feb-06,2.286,winter
24-Feb-06,12324,9857,2467,27-Feb-06,2.298,winter
3-Mar-06,12083,10124,1959,6-Mar-06,2.373,spring
10-Mar-06,12223,9919,2304,13-Mar-06,2.408,spring
17-Mar-06,11594,9310,2284,20-Mar-06,2.548,spring
24-Mar-06,12091,10079,2012,27-Mar-06,2.542,spring
31-Mar-06,11654,9931,1723,3-Apr-06,2.631,spring
7-Apr-06,11634,9517,2117,10-Apr-06,2.727,spring
14-Apr-06,11408,9643,1765,17-Apr-06,2.828,spring
21-Apr-06,12713,9842,2871,24-Apr-06,2.96,spring
28-Apr-06,11694,9789,1905,1-May-06,2.966,spring
5-May-06,13136,9986,3150,8-May-06,2.955,spring
12-May-06,12759,10362,2397,15-May-06,2.992,spring
19-May-06,12638,9536,3102,22-May-06,2.938,spring
26-May-06,14009,10821,3188,29-May-06,2.913,spring
2-Jun-06,13329,10860,2469,5-Jun-06,2.937,summer
9-Jun-06,13182,10526,2656,12-Jun-06,2.951,summer
16-Jun-06,13583,10973,2610,19-Jun-06,2.917,summer
23-Jun-06,12507,10525,1982,26-Jun-06,2.914,summer
30-Jun-06,12593,10517,2076,3-Jul-06,2.979,summer
7-Jul-06,12028,9597,2431,10-Jul-06,3.017,summer
14-Jul-06,12899,10679,2220,17-Jul-06,3.033,summer
21-Jul-06,12692,10485,2207,24-Jul-06,3.048,summer
28-Jul-06,13772,10409,3363,31-Jul-06,3.05,summer
4-Aug-06,12463,10144,2319,7-Aug-06,3.083,summer
11-Aug-06,12718,10001,2717,14-Aug-06,3.047,summer
18-Aug-06,13441,10176,3265,21-Aug-06,2.971,summer
25-Aug-06,13698,11132,2566,28-Aug-06,2.893,summer
1-Sep-06,12427,10344,2083,4-Sep-06,2.777,autumn
8-Sep-06,12897,10576,2321,11-Sep-06,2.67,autumn
15-Sep-06,12734,10571,2163,18-Sep-06,2.549,autumn
22-Sep-06,13592,11062,2530,25-Sep-06,2.429,autumn
29-Sep-06,11927,10492,1435,2-Oct-06,2.36,autumn
6-Oct-06,12196,10343,1853,9-Oct-06,2.31,autumn
13-Oct-06,11989,10409,1580,16-Oct-06,2.274,autumn
20-Oct-06,11433,9473,1960,23-Oct-06,2.255,autumn
27-Oct-06,11994,10072,1922,30-Oct-06,2.264,autumn
3-Nov-06,11372,9766,1606,6-Nov-06,2.246,autumn
10-Nov-06,11081,9429,1652,13-Nov-06,2.278,autumn
17-Nov-06,12359,10469,1890,20-Nov-06,2.285,autumn
24-Nov-06,11430,9737,1693,27-Nov-06,2.292,autumn
1-Dec-06,11919,10278,1641,4-Dec-06,2.342,winter
8-Dec-06,11632,9577,2055,11-Dec-06,2.34,winter
15-Dec-06,10481,8881,1600,18-Dec-06,2.366,winter
22-Dec-06,10823,9108,1715,25-Dec-06,2.387,winter
29-Dec-06,11842,10105,1737,1-Jan-07,2.382,winter
5-Jan-07,11797,9483,2314,8-Jan-07,2.354,winter
12-Jan-07,13080,11035,2045,15-Jan-07,2.28,winter
19-Jan-07,11988,9786,2202,22-Jan-07,2.216,winter
26-Jan-07,12329,9945,2384,29-Jan-07,2.213,winter
2-Feb-07,11536,9525,2011,5-Feb-07,2.237,winter
9-Feb-07,11589,9562,2027,12-Feb-07,2.287,winter
16-Feb-07,11833,9720,2113,19-Feb-07,2.341,winter
23-Feb-07,11702,9500,2202,26-Feb-07,2.428,winter
2-Mar-07,10404,8850,1554,5-Mar-07,2.551,spring
9-Mar-07,12275,9780,2495,12-Mar-07,2.605,spring
16-Mar-07,12581,10396,2185,19-Mar-07,2.623,spring
23-Mar-07,12234,9610,2624,26-Mar-07,2.655,spring
30-Mar-07,12495,10223,2272,2-Apr-07,2.753,spring
6-Apr-07,12004,9782,2222,9-Apr-07,2.848,spring
13-Apr-07,12230,9897,2333,16-Apr-07,2.922,spring
20-Apr-07,12492,10013,2479,23-Apr-07,2.917,spring
27-Apr-07,12561,10242,2319,30-Apr-07,3.017,spring
4-May-07,13360,10969,2391,7-May-07,3.097,spring
11-May-07,13389,10309,3080,14-May-07,3.143,spring
18-May-07,13272,10869,2403,21-May-07,3.258,spring
25-May-07,12826,9995,2831,28-May-07,3.25,spring
1-Jun-07,12973,10217,2756,4-Jun-07,3.2,summer
8-Jun-07,12548,10118,2430,11-Jun-07,3.122,summer
15-Jun-07,13368,10768,2600,18-Jun-07,3.057,summer
22-Jun-07,12644,10478,2166,25-Jun-07,3.029,summer
29-Jun-07,13298,10755,2543,2-Jul-07,3.005,summer
6-Jul-07,12828,10002,2826,9-Jul-07,3.026,summer
13-Jul-07,12690,10352,2338,16-Jul-07,3.092,summer
20-Jul-07,13100,10355,2745,23-Jul-07,3.005,summer
27-Jul-07,12354,10142,2212,30-Jul-07,2.926,summer
3-Aug-07,12414,9974,2440,6-Aug-07,2.888,summer
10-Aug-07,11892,9849,2043,13-Aug-07,2.821,summer
17-Aug-07,12769,10791,1978,20-Aug-07,2.832,summer
24-Aug-07,12392,9798,2594,27-Aug-07,2.796,summer
31-Aug-07,12124,10212,1912,3-Sep-07,2.84,summer
7-Sep-07,11564,9538,2026,10-Sep-07,2.862,autumn
14-Sep-07,11759,9780,1979,17-Sep-07,2.835,autumn
21-Sep-07,12573,10417,2156,24-Sep-07,2.86,autumn
28-Sep-07,12328,10228,2100,1-Oct-07,2.838,autumn
5-Oct-07,12339,9845,2494,8-Oct-07,2.821,autumn
12-Oct-07,13020,10384,2636,15-Oct-07,2.813,autumn
19-Oct-07,11074,9079,1995,22-Oct-07,2.873,autumn
26-Oct-07,11884,9357,2527,29-Oct-07,2.921,autumn
2-Nov-07,12051,9631,2420,5-Nov-07,3.06,autumn
9-Nov-07,12375,10462,1913,12-Nov-07,3.158,autumn
16-Nov-07,12073,9795,2278,19-Nov-07,3.148,autumn
23-Nov-07,12149,10329,1820,26-Nov-07,3.147,autumn
30-Nov-07,11901,9349,2552,3-Dec-07,3.113,autumn
7-Dec-07,12250,10038,2212,10-Dec-07,3.053,winter
14-Dec-07,11367,9086,2281,17-Dec-07,3.05,winter
21-Dec-07,11656,9780,1876,24-Dec-07,3.032,winter
28-Dec-07,12050,9984,2066,31-Dec-07,3.104,winter
4-Jan-08,11653,9781,1872,7-Jan-08,3.159,winter
11-Jan-08,12300,10363,1937,14-Jan-08,3.119,winter
18-Jan-08,12516,10130,2386,21-Jan-08,3.07,winter
25-Jan-08,12151,10030,2121,28-Jan-08,3.03,winter
1-Feb-08,13375,10488,2887,4-Feb-08,3.03,winter
8-Feb-08,11756,9711,2045,11-Feb-08,3.011,winter
15-Feb-08,12328,10076,2252,18-Feb-08,3.092,winter
22-Feb-08,12158,9932,2226,25-Feb-08,3.18,winter
29-Feb-08,11235,9411,1824,3-Mar-08,3.212,winter
7-Mar-08,12582,10522,2060,10-Mar-08,3.273,spring
14-Mar-08,11300,9442,1858,17-Mar-08,3.332,spring
21-Mar-08,10852,8872,1980,24-Mar-08,3.31,spring
28-Mar-08,12191,10257,1934,31-Mar-08,3.339,spring
4-Apr-08,10799,8886,1913,7-Apr-08,3.381,spring
11-Apr-08,10680,8853,1827,14-Apr-08,3.438,spring
18-Apr-08,12312,10015,2297,21-Apr-08,3.557,spring
25-Apr-08,12640,10189,2451,28-Apr-08,3.653,spring
2-May-08,12589,10602,1987,5-May-08,3.663,spring
9-May-08,11958,9907,2051,12-May-08,3.771,spring
16-May-08,11309,9211,2098,19-May-08,3.84,spring
23-May-08,10440,8933,1507,26-May-08,3.986,spring
30-May-08,11532,9759,1773,2-Jun-08,4.026,spring
6-Jun-08,11659,9661,1998,9-Jun-08,4.09,summer
13-Jun-08,11890,10232,1658,16-Jun-08,4.134,summer
20-Jun-08,12103,10224,1879,23-Jun-08,4.131,summer
27-Jun-08,12303,10141,2162,30-Jun-08,4.146,summer
4-Jul-08,11094,9520,1574,7-Jul-08,4.165,summer
11-Jul-08,12492,10764,1728,14-Jul-08,4.164,summer
18-Jul-08,11446,9779,1667,21-Jul-08,4.118,summer
25-Jul-08,11764,9978,1786,28-Jul-08,4.01,summer
1-Aug-08,11789,10166,1623,4-Aug-08,3.935,summer
8-Aug-08,10756,9628,1128,11-Aug-08,3.864,summer
15-Aug-08,12416,10964,1452,18-Aug-08,3.794,summer
22-Aug-08,11616,9952,1664,25-Aug-08,3.738,summer
29-Aug-08,11271,9804,1467,1-Sep-08,3.733,summer
5-Sep-08,10058,8555,1503,8-Sep-08,3.701,autumn
12-Sep-08,10039,8484,1555,15-Sep-08,3.887,autumn
19-Sep-08,9176,7117,2059,22-Sep-08,3.772,autumn
26-Sep-08,11335,8963,2372,29-Sep-08,3.687,autumn
3-Oct-08,12680,10319,2361,6-Oct-08,3.543,autumn
10-Oct-08,12160,10134,2026,13-Oct-08,3.213,autumn
17-Oct-08,12277,10373,1904,20-Oct-08,2.974,autumn
24-Oct-08,11809,10310,1499,27-Oct-08,2.718,autumn
31-Oct-08,11602,9945,1657,3-Nov-08,2.462,autumn
7-Nov-08,10514,9476,1038,10-Nov-08,2.284,autumn
14-Nov-08,10760,9844,916,17-Nov-08,2.132,autumn
21-Nov-08,12235,10932,1303,24-Nov-08,1.952,autumn
28-Nov-08,10845,9477,1368,1-Dec-08,1.87,autumn
5-Dec-08,11378,9931,1447,8-Dec-08,1.758,winter
12-Dec-08,11216,9645,1571,15-Dec-08,1.716,winter
19-Dec-08,11385,9090,2295,22-Dec-08,1.71,winter
26-Dec-08,10993,9221,1772,29-Dec-08,1.67,winter
2-Jan-09,12303,10457,1846,5-Jan-09,1.737,winter
9-Jan-09,11215,9701,1514,12-Jan-09,1.835,winter
16-Jan-09,12071,9838,2233,19-Jan-09,1.898,winter
23-Jan-09,11780,9680,2100,26-Jan-09,1.89,winter
30-Jan-09,11608,10009,1599,2-Feb-09,1.944,winter
6-Feb-09,11325,9624,1701,9-Feb-09,1.978,winter
13-Feb-09,9902,8764,1138,16-Feb-09,2.016,winter
20-Feb-09,9982,8740,1242,23-Feb-09,1.963,winter
27-Feb-09,10928,8999,1929,2-Mar-09,1.988,winter
6-Mar-09,10737,9092,1645,9-Mar-09,1.993,spring
13-Mar-09,10513,9151,1362,16-Mar-09,1.964,spring
20-Mar-09,10944,9355,1589,23-Mar-09,2.014,spring
27-Mar-09,11066,9525,1541,30-Mar-09,2.097,spring
3-Apr-09,10588,9302,1286,6-Apr-09,2.09,spring
10-Apr-09,10526,9361,1165,13-Apr-09,2.104,spring
17-Apr-09,11060,9825,1235,20-Apr-09,2.112,spring
24-Apr-09,10618,9793,825,27-Apr-09,2.102,spring
1-May-09,10620,9889,731,4-May-09,2.129,spring
8-May-09,9338,8677,661,11-May-09,2.29,spring
15-May-09,9700,8761,939,18-May-09,2.36,spring
22-May-09,10095,8748,1347,25-May-09,2.485,spring
29-May-09,10727,9616,1111,1-Jun-09,2.572,spring
5-Jun-09,9672,8940,732,8-Jun-09,2.673,summer
12-Jun-09,10007,9007,1000,15-Jun-09,2.722,summer
19-Jun-09,9805,9254,551,22-Jun-09,2.743,summer
26-Jun-09,10020,9333,687,29-Jun-09,2.695,summer
3-Jul-09,10229,9194,1035,6-Jul-09,2.666,summer
10-Jul-09,10204,9518,686,13-Jul-09,2.584,summer
17-Jul-09,10183,9172,1011,20-Jul-09,2.519,summer
24-Jul-09,10523,9993,530,27-Jul-09,2.557,summer
31-Jul-09,9736,9256,480,3-Aug-09,2.61,summer
7-Aug-09,9907,9499,408,10-Aug-09,2.7,summer
14-Aug-09,8483,8082,401,17-Aug-09,2.691,summer
21-Aug-09,9973,9194,779,24-Aug-09,2.682,summer
28-Aug-09,9948,9545,403,31-Aug-09,2.667,summer
4-Sep-09,9808,9064,744,7-Sep-09,2.642,autumn
11-Sep-09,9353,8872,481,14-Sep-09,2.632,autumn
18-Sep-09,10488,9763,725,21-Sep-09,2.607,autumn
25-Sep-09,10329,9502,827,28-Sep-09,2.554,autumn
2-Oct-09,10102,9067,1035,5-Oct-09,2.523,autumn
9-Oct-09,9374,8699,675,12-Oct-09,2.543,autumn
16-Oct-09,9200,8667,533,19-Oct-09,2.626,autumn
23-Oct-09,9542,8858,684,26-Oct-09,2.727,autumn
30-Oct-09,8836,8094,742,2-Nov-09,2.746,autumn
6-Nov-09,9279,8624,655,9-Nov-09,2.72,autumn
13-Nov-09,9075,8547,528,16-Nov-09,2.684,autumn
20-Nov-09,9768,8918,850,23-Nov-09,2.694,autumn
27-Nov-09,9604,8369,1235,30-Nov-09,2.684,autumn
4-Dec-09,8695,8105,590,7-Dec-09,2.689,winter
11-Dec-09,8460,7740,720,14-Dec-09,2.655,winter
18-Dec-09,8184,7675,509,21-Dec-09,2.645,winter
25-Dec-09,8469,7995,474,28-Dec-09,2.662,winter
1-Jan-10,9007,8323,684,4-Jan-10,2.718,winter
8-Jan-10,9676,8863,813,11-Jan-10,2.804,winter
15-Jan-10,9475,8507,968,18-Jan-10,2.793,winter
22-Jan-10,9059,7834,1225,25-Jan-10,2.76,winter
29-Jan-10,9693,8393,1300,1-Feb-10,2.717,winter
5-Feb-10,10056,8309,1747,8-Feb-10,2.707,winter
12-Feb-10,9188,8515,673,15-Feb-10,2.664,winter
19-Feb-10,10117,9051,1066,22-Feb-10,2.709,winter
26-Feb-10,10240,9203,1037,1-Mar-10,2.756,winter
5-Mar-10,9352,8459,893,8-Mar-10,2.804,spring
12-Mar-10,8947,8395,552,15-Mar-10,2.841,spring
19-Mar-10,9819,9364,455,22-Mar-10,2.87,spring
26-Mar-10,9986,9027,959,29-Mar-10,2.851,spring
2-Apr-10,10679,9528,1151,5-Apr-10,2.877,spring
9-Apr-10,9413,8847,566,12-Apr-10,2.909,spring
16-Apr-10,10758,9579,1179,19-Apr-10,2.911,spring
23-Apr-10,10770,9647,1123,26-Apr-10,2.901,spring
30-Apr-10,11320,9917,1403,3-May-10,2.95,spring
7-May-10,10111,9653,458,10-May-10,2.958,spring
14-May-10,10308,9795,513,17-May-10,2.918,spring
21-May-10,10965,9894,1071,24-May-10,2.842,spring
28-May-10,10244,9421,823,31-May-10,2.784,spring
4-Jun-10,9765,9501,264,7-Jun-10,2.78,summer
11-Jun-10,10021,9665,356,14-Jun-10,2.756,summer
18-Jun-10,10411,10079,332,21-Jun-10,2.795,summer
25-Jun-10,10070,9448,622,28-Jun-10,2.809,summer
2-Jul-10,10415,9380,1035,5-Jul-10,2.779,summer
9-Jul-10,9602,9248,354,12-Jul-10,2.771,summer
16-Jul-10,10292,9944,348,19-Jul-10,2.775,summer
23-Jul-10,11468,11120,348,26-Jul-10,2.801,summer
30-Jul-10,10382,9596,786,2-Aug-10,2.788,summer
6-Aug-10,10093,9408,685,9-Aug-10,2.835,summer
13-Aug-10,10411,9529,882,16-Aug-10,2.798,summer
20-Aug-10,10815,9849,966,23-Aug-10,2.759,summer
27-Aug-10,10362,9647,715,30-Aug-10,2.736,summer
3-Sep-10,9621,8853,768,6-Sep-10,2.735,autumn
10-Sep-10,9079,8994,85,13-Sep-10,2.772,autumn
17-Sep-10,9628,9289,339,20-Sep-10,2.775,autumn
24-Sep-10,9405,8972,433,27-Sep-10,2.747,autumn
1-Oct-10,9072,8893,179,4-Oct-10,2.784,autumn
8-Oct-10,8258,8095,163,11-Oct-10,2.871,autumn
15-Oct-10,8868,8567,301,18-Oct-10,2.887,autumn
22-Oct-10,9985,9430,555,25-Oct-10,2.87,autumn
29-Oct-10,8756,8545,211,1-Nov-10,2.861,autumn
5-Nov-10,8271,8056,215,8-Nov-10,2.917,autumn
12-Nov-10,8065,7830,235,15-Nov-10,2.944,autumn
19-Nov-10,9387,8990,397,22-Nov-10,2.931,autumn
26-Nov-10,8466,8412,54,29-Nov-10,2.912,autumn
3-Dec-10,9569,9019,550,6-Dec-10,3.013,winter
10-Dec-10,7793,7657,136,13-Dec-10,3.035,winter
17-Dec-10,9443,8708,735,20-Dec-10,3.037,winter
24-Dec-10,9226,8780,446,27-Dec-10,3.106,winter
31-Dec-10,7934,8413,-479,3-Jan-11,3.124,winter
7-Jan-11,9312,8862,450,10-Jan-11,3.142,winter
14-Jan-11,9484,8966,518,17-Jan-11,3.158,winter
21-Jan-11,9698,9352,346,24-Jan-11,3.163,winter
28-Jan-11,9675,8981,694,31-Jan-11,3.155,winter
4-Feb-11,9616,8876,740,7-Feb-11,3.185,winter
11-Feb-11,8628,8233,395,14-Feb-11,3.193,winter
18-Feb-11,8173,8073,100,21-Feb-11,3.243,winter
25-Feb-11,8058,7977,81,28-Feb-11,3.435,winter
4-Mar-11,8554,8267,287,7-Mar-11,3.572,spring
11-Mar-11,8383,8647,-264,14-Mar-11,3.621,spring
18-Mar-11,9239,8953,286,21-Mar-11,3.617,spring
25-Mar-11,9191,9094,97,28-Mar-11,3.65,spring
1-Apr-11,9251,8916,335,4-Apr-11,3.737,spring
8-Apr-11,8680,8537,143,11-Apr-11,3.843,spring
15-Apr-11,8435,8019,416,18-Apr-11,3.896,spring
22-Apr-11,10131,9232,899,25-Apr-11,3.932,spring
29-Apr-11,9563,8843,720,2-May-11,4.014,spring
6-May-11,9361,8930,431,9-May-11,4.018,spring
13-May-11,8639,8536,103,16-May-11,4.014,spring
20-May-11,10055,9198,857,23-May-11,3.904,spring
27-May-11,10287,9484,803,30-May-11,3.848,spring
3-Jun-11,9176,8566,610,6-Jun-11,3.833,summer
10-Jun-11,8587,8603,-16,13-Jun-11,3.767,summer
17-Jun-11,9158,9114,44,20-Jun-11,3.708,summer
24-Jun-11,8661,8843,-182,27-Jun-11,3.631,summer
1-Jul-11,9524,9819,-295,4-Jul-11,3.634,summer
8-Jul-11,8948,8965,-17,11-Jul-11,3.695,summer
15-Jul-11,9211,9308,-97,18-Jul-11,3.736,summer
22-Jul-11,9789,9805,-16,25-Jul-11,3.754,summer
29-Jul-11,9081,9099,-18,1-Aug-11,3.766,summer
5-Aug-11,8818,9065,-247,8-Aug-11,3.73,summer
12-Aug-11,8829,9250,-421,15-Aug-11,3.662,summer
19-Aug-11,8753,8773,-20,22-Aug-11,3.638,summer
26-Aug-11,9105,9572,-467,29-Aug-11,3.682,summer
2-Sep-11,7988,8530,-542,5-Sep-11,3.727,autumn
9-Sep-11,8057,8507,-450,12-Sep-11,3.715,autumn
16-Sep-11,7940,8315,-375,19-Sep-11,3.657,autumn
23-Sep-11,9107,9666,-559,26-Sep-11,3.568,autumn
30-Sep-11,8301,8664,-363,3-Oct-11,3.492,autumn
7-Oct-11,8527,9050,-523,10-Oct-11,3.476,autumn
14-Oct-11,6557,7885,-1328,17-Oct-11,3.533,autumn
21-Oct-11,8600,9337,-737,24-Oct-11,3.52,autumn
28-Oct-11,8469,8918,-449,31-Oct-11,3.511,autumn
4-Nov-11,7860,8582,-722,7-Nov-11,3.482,autumn
11-Nov-11,7611,8529,-918,14-Nov-11,3.495,autumn
18-Nov-11,7936,8283,-347,21-Nov-11,3.427,autumn
25-Nov-11,8475,9025,-550,28-Nov-11,3.368,autumn
2-Dec-11,9195,9400,-205,5-Dec-11,3.35,winter
9-Dec-11,8225,8286,-61,12-Dec-11,3.346,winter
16-Dec-11,6803,7545,-742,19-Dec-11,3.29,winter
23-Dec-11,8360,8954,-594,26-Dec-11,3.317,winter
30-Dec-11,8018,8988,-970,2-Jan-12,3.358,winter
6-Jan-12,8830,9871,-1041,9-Jan-12,3.441,winter
13-Jan-12,7215,8228,-1013,16-Jan-12,3.451,winter
20-Jan-12,8133,8816,-683,23-Jan-12,3.45,winter
27-Jan-12,8387,8843,-456,30-Jan-12,3.5,winter
3-Feb-12,7580,8376,-796,6-Feb-12,3.542,winter
10-Feb-12,7514,8719,-1205,13-Feb-12,3.584,winter
17-Feb-12,8031,9054,-1023,20-Feb-12,3.652,winter
24-Feb-12,7723,9150,-1427,27-Feb-12,3.78,winter
2-Mar-12,7348,8675,-1327,5-Mar-12,3.849,spring
9-Mar-12,7331,8679,-1348,12-Mar-12,3.884,spring
16-Mar-12,7319,8186,-867,19-Mar-12,3.923,spring
23-Mar-12,8305,9231,-926,26-Mar-12,3.973,spring
30-Mar-12,9078,9736,-658,2-Apr-12,3.996,spring
6-Apr-12,7616,8484,-868,9-Apr-12,3.997,spring
13-Apr-12,7666,8679,-1013,16-Apr-12,3.98,spring
20-Apr-12,7899,8727,-828,23-Apr-12,3.929,spring
27-Apr-12,7905,8783,-878,30-Apr-12,3.889,spring
4-May-12,7884,8928,-1044,7-May-12,3.849,spring
11-May-12,8286,8842,-556,14-May-12,3.814,spring
18-May-12,7623,8544,-921,21-May-12,3.773,spring
25-May-12,7999,9017,-1018,28-May-12,3.728,spring
1-Jun-12,8026,8918,-892,4-Jun-12,3.671,summer
8-Jun-12,8394,9078,-684,11-Jun-12,3.629,summer
15-Jun-12,8930,9406,-476,18-Jun-12,3.589,summer
22-Jun-12,8261,9079,-818,25-Jun-12,3.494,summer
29-Jun-12,8133,8735,-602,2-Jul-12,3.415,summer
6-Jul-12,7852,8587,-735,9-Jul-12,3.469,summer
13-Jul-12,7723,8898,-1175,16-Jul-12,3.485,summer
20-Jul-12,9367,9593,-226,23-Jul-12,3.554,summer
27-Jul-12,7283,8366,-1083,30-Jul-12,3.568,summer
3-Aug-12,7717,8587,-870,6-Aug-12,3.702,summer
10-Aug-12,8263,8677,-414,13-Aug-12,3.779,summer
17-Aug-12,7233,8167,-934,20-Aug-12,3.803,summer
24-Aug-12,8739,9455,-716,27-Aug-12,3.837,summer
31-Aug-12,7485,7995,-510,3-Sep-12,3.903,summer
7-Sep-12,7928,8525,-597,10-Sep-12,3.907,autumn
14-Sep-12,9104,9807,-703,17-Sep-12,3.939,autumn
21-Sep-12,6729,7554,-825,24-Sep-12,3.889,autumn
28-Sep-12,7184,8065,-881,1-Oct-12,3.866,autumn
5-Oct-12,6840,8180,-1340,8-Oct-12,3.914,autumn
12-Oct-12,7766,8306,-540,15-Oct-12,3.886,autumn
19-Oct-12,8388,8782,-394,22-Oct-12,3.756,autumn
26-Oct-12,7154,7881,-727,29-Oct-12,3.638,autumn
2-Nov-12,6994,7970,-976,5-Nov-12,3.563,autumn
9-Nov-12,7208,7828,-620,12-Nov-12,3.518,autumn
16-Nov-12,7066,7726,-660,19-Nov-12,3.497,autumn
23-Nov-12,7174,8076,-902,26-Nov-12,3.505,autumn
30-Nov-12,7687,8188,-501,3-Dec-12,3.463,autumn
7-Dec-12,7953,8457,-504,10-Dec-12,3.419,winter
14-Dec-12,7875,8356,-481,17-Dec-12,3.324,winter
21-Dec-12,7329,7982,-653,24-Dec-12,3.328,winter
28-Dec-12,6093,7051,-958,31-Dec-12,3.369,winter
4-Jan-13,7492,8299,-807,7-Jan-13,3.373,winter
11-Jan-13,6864,7987,-1123,14-Jan-13,3.377,winter
18-Jan-13,6800,7686,-886,21-Jan-13,3.386,winter
25-Jan-13,7112,8024,-912,28-Jan-13,3.427,winter
1-Feb-13,6239,7525,-1286,4-Feb-13,3.604,winter
8-Feb-13,6488,7469,-981,11-Feb-13,3.677,winter
15-Feb-13,6525,7645,-1120,18-Feb-13,3.812,winter
22-Feb-13,6455,7914,-1459,25-Feb-13,3.851,winter
1-Mar-13,6052,7264,-1212,4-Mar-13,3.826,spring
8-Mar-13,6452,7491,-1039,11-Mar-13,3.779,spring
15-Mar-13,5984,7272,-1288,18-Mar-13,3.764,spring
22-Mar-13,6829,8113,-1284,25-Mar-13,3.746,spring
29-Mar-13,6889,7886,-997,1-Apr-13,3.714,spring
5-Apr-13,6938,7675,-737,8-Apr-13,3.676,spring
12-Apr-13,6805,7386,-581,15-Apr-13,3.611,spring
19-Apr-13,6728,7517,-789,22-Apr-13,3.603,spring
26-Apr-13,7636,8119,-483,29-Apr-13,3.587,spring
3-May-13,7320,7559,-239,6-May-13,3.602,spring
10-May-13,6666,7576,-910,13-May-13,3.665,spring
17-May-13,7673,8082,-409,20-May-13,3.729,spring
24-May-13,7360,7769,-409,27-May-13,3.704,spring
31-May-13,6581,7220,-639,3-Jun-13,3.705,spring
7-Jun-13,7247,7802,-555,10-Jun-13,3.715,summer
14-Jun-13,7478,8388,-910,17-Jun-13,3.689,summer
21-Jun-13,8095,8248,-153,24-Jun-13,3.645,summer
28-Jun-13,6293,7357,-1064,1-Jul-13,3.567,summer
5-Jul-13,6203,7475,-1272,8-Jul-13,3.563,summer
12-Jul-13,7046,7655,-609,15-Jul-13,3.706,summer
19-Jul-13,7056,7980,-924,22-Jul-13,3.751,summer
26-Jul-13,7253,8116,-863,29-Jul-13,3.716,summer
2-Aug-13,7194,7862,-668,5-Aug-13,3.701,summer
9-Aug-13,6736,7865,-1129,12-Aug-13,3.633,summer
16-Aug-13,6443,7896,-1453,19-Aug-13,3.622,summer
23-Aug-13,7160,8319,-1159,26-Aug-13,3.623,summer
30-Aug-13,6961,8200,-1239,2-Sep-13,3.678,summer
6-Sep-13,6278,7962,-1684,9-Sep-13,3.658,autumn
13-Sep-13,6220,7523,-1303,16-Sep-13,3.619,autumn
20-Sep-13,6648,7869,-1221,23-Sep-13,3.567,autumn
27-Sep-13,6722,8307,-1585,30-Sep-13,3.499,autumn
4-Oct-13,6609,7987,-1378,7-Oct-13,3.441,autumn
11-Oct-13,6694,7948,-1254,14-Oct-13,3.43,autumn
18-Oct-13,5961,7600,-1639,21-Oct-13,3.435,autumn
25-Oct-13,6216,7403,-1187,28-Oct-13,3.372,autumn
1-Nov-13,5922,7168,-1246,4-Nov-13,3.343,autumn
8-Nov-13,6424,7788,-1364,11-Nov-13,3.274,autumn
15-Nov-13,6063,7807,-1744,18-Nov-13,3.298,autumn
22-Nov-13,6053,7661,-1608,25-Nov-13,3.372,autumn
29-Nov-13,6343,7752,-1409,2-Dec-13,3.353,autumn
6-Dec-13,4970,6805,-1835,9-Dec-13,3.35,winter
13-Dec-13,6296,7675,-1379,16-Dec-13,3.321,winter
20-Dec-13,5504,7477,-1973,23-Dec-13,3.351,winter
27-Dec-13,5177,7437,-2260,30-Dec-13,3.409,winter
3-Jan-14,5742,7903,-2161,6-Jan-14,3.411,winter
10-Jan-14,4626,6831,-2205,13-Jan-14,3.406,winter
17-Jan-14,5562,7486,-1924,20-Jan-14,3.376,winter
24-Jan-14,6192,7987,-1795,27-Jan-14,3.375,winter
31-Jan-14,5127,6826,-1699,3-Feb-14,3.372,winter
7-Feb-14,5978,7868,-1890,10-Feb-14,3.388,winter
14-Feb-14,5355,7360,-2005,17-Feb-14,3.457,winter
21-Feb-14,4825,6973,-2148,24-Feb-14,3.52,winter
28-Feb-14,5201,7048,-1847,3-Mar-14,3.553,winter
7-Mar-14,5342,7247,-1905,10-Mar-14,3.584,spring
14-Mar-14,5311,7245,-1934,17-Mar-14,3.619,spring
21-Mar-14,5691,7553,-1862,24-Mar-14,3.622,spring
28-Mar-14,4892,6764,-1872,31-Mar-14,3.651,spring
4-Apr-14,5510,7245,-1735,7-Apr-14,3.67,spring
11-Apr-14,6680,8204,-1524,14-Apr-14,3.725,spring
18-Apr-14,6058,7729,-1671,21-Apr-14,3.758,spring
25-Apr-14,6253,7412,-1159,28-Apr-14,3.788,spring
2-May-14,5782,6814,-1032,5-May-14,3.761,spring
9-May-14,6217,7056,-839,12-May-14,3.746,spring
16-May-14,5634,6398,-764,19-May-14,3.743,spring
23-May-14,6673,7735,-1062,26-May-14,3.75,spring
30-May-14,6305,7049,-744,2-Jun-14,3.765,spring
6-Jun-14,5675,7072,-1397,9-Jun-14,3.749,summer
13-Jun-14,6119,7160,-1041,16-Jun-14,3.76,summer
20-Jun-14,5561,7068,-1507,23-Jun-14,3.778,summer
27-Jun-14,5408,6992,-1584,30-Jun-14,3.778,summer
4-Jul-14,5696,7012,-1316,7-Jul-14,3.753,summer
11-Jul-14,5710,7154,-1444,14-Jul-14,3.712,summer
18-Jul-14,5803,7134,-1331,21-Jul-14,3.671,summer
25-Jul-14,5612,7449,-1837,28-Jul-14,3.617,summer
1-Aug-14,5055,7268,-2213,4-Aug-14,3.595,summer
8-Aug-14,5956,7551,-1595,11-Aug-14,3.582,summer
15-Aug-14,5930,7164,-1234,18-Aug-14,3.549,summer
22-Aug-14,5160,7248,-2088,25-Aug-14,3.532,summer
29-Aug-14,5930,7290,-1360,1-Sep-14,3.536,summer
5-Sep-14,5538,7236,-1698,8-Sep-14,3.534,autumn
12-Sep-14,5893,7729,-1836,15-Sep-14,3.485,autumn
19-Sep-14,4783,6485,-1702,22-Sep-14,3.432,autumn
26-Sep-14,4576,6864,-2288,29-Sep-14,3.434,autumn
3-Oct-14,5223,7292,-2069,6-Oct-14,3.382,autumn
10-Oct-14,5139,7320,-2181,13-Oct-14,3.292,autumn
17-Oct-14,4773,7057,-2284,20-Oct-14,3.205,autumn
24-Oct-14,4750,6690,-1940,27-Oct-14,3.139,autumn
31-Oct-14,4589,6264,-1675,3-Nov-14,3.077,autumn
7-Nov-14,4631,6466,-1835,10-Nov-14,3.025,autumn
14-Nov-14,5185,7227,-2042,17-Nov-14,2.978,autumn
21-Nov-14,5198,7099,-1901,24-Nov-14,2.907,autumn
28-Nov-14,5282,6929,-1647,1-Dec-14,2.864,autumn
5-Dec-14,5440,7294,-1854,8-Dec-14,2.767,winter
12-Dec-14,5667,6730,-1063,15-Dec-14,2.643,winter
19-Dec-14,6959,7904,-945,22-Dec-14,2.496,winter
26-Dec-14,5385,6673,-1288,29-Dec-14,2.392,winter
2-Jan-15,5761,6468,-707,5-Jan-15,2.308,winter
9-Jan-15,5637,7104,-1467,12-Jan-15,2.232,winter
16-Jan-15,5608,6830,-1222,19-Jan-15,2.157,winter
23-Jan-15,5749,6920,-1171,26-Jan-15,2.133,winter
30-Jan-15,5371,6885,-1514,2-Feb-15,2.154,winter
6-Feb-15,5106,6784,-1678,9-Feb-15,2.276,winter
13-Feb-15,4955,6603,-1648,16-Feb-15,2.358,winter
20-Feb-15,5136,6801,-1665,23-Feb-15,2.415,winter
27-Feb-15,4968,6890,-1922,2-Mar-15,2.556,winter
6-Mar-15,3917,6315,-2398,9-Mar-15,2.57,spring
13-Mar-15,5303,7018,-1715,16-Mar-15,2.537,spring
20-Mar-15,4956,6889,-1933,23-Mar-15,2.538,spring
27-Mar-15,4918,6845,-1927,30-Mar-15,2.531,spring
3-Apr-15,6046,7714,-1668,6-Apr-15,2.499,spring
10-Apr-15,4978,6645,-1667,13-Apr-15,2.494,spring
17-Apr-15,5681,7262,-1581,20-Apr-15,2.57,spring
24-Apr-15,5993,6979,-986,27-Apr-15,2.656,spring
1-May-15,4093,6074,-1981,4-May-15,2.749,spring
8-May-15,5288,6414,-1126,11-May-15,2.776,spring
15-May-15,5444,6732,-1288,18-May-15,2.827,spring
22-May-15,5075,6255,-1180,25-May-15,2.857,spring
29-May-15,5311,6932,-1621,1-Jun-15,2.863,spring
5-Jun-15,4733,6182,-1449,8-Jun-15,2.863,summer
12-Jun-15,5578,6626,-1048,15-Jun-15,2.918,summer
19-Jun-15,4553,6194,-1641,22-Jun-15,2.895,summer
26-Jun-15,5755,6942,-1187,29-Jun-15,2.885,summer
3-Jul-15,5310,6745,-1435,6-Jul-15,2.877,summer
10-Jul-15,5141,6783,-1642,13-Jul-15,2.92,summer
17-Jul-15,5888,7370,-1482,20-Jul-15,2.888,summer
24-Jul-15,5399,6974,-1575,27-Jul-15,2.833,summer
31-Jul-15,4647,6604,-1957,3-Aug-15,2.779,summer
7-Aug-15,5457,6997,-1540,10-Aug-15,2.72,summer
14-Aug-15,6192,7462,-1270,17-Aug-15,2.803,summer
21-Aug-15,5075,6722,-1647,24-Aug-15,2.726,summer
28-Aug-15,5801,7378,-1577,31-Aug-15,2.602,summer
4-Sep-15,5199,6982,-1783,7-Sep-15,2.532,autumn
11-Sep-15,4675,6712,-2037,14-Sep-15,2.471,autumn
18-Sep-15,4951,6699,-1748,21-Sep-15,2.425,autumn
25-Sep-15,5084,7028,-1944,28-Sep-15,2.418,autumn
2-Oct-15,4241,6542,-2301,5-Oct-15,2.415,autumn
9-Oct-15,4849,6789,-1940,12-Oct-15,2.432,autumn
16-Oct-15,4604,6945,-2341,19-Oct-15,2.374,autumn
23-Oct-15,4654,6528,-1874,26-Oct-15,2.326,autumn
30-Oct-15,3958,6439,-2481,2-Nov-15,2.322,autumn
6-Nov-15,4896,6873,-1977,9-Nov-15,2.335,autumn
13-Nov-15,4240,6464,-2224,16-Nov-15,2.281,autumn
20-Nov-15,4427,6888,-2461,23-Nov-15,2.198,autumn
27-Nov-15,4818,7302,-2484,30-Nov-15,2.165,autumn
4-Dec-15,5497,7576,-2079,7-Dec-15,2.159,winter
11-Dec-15,5831,7867,-2036,14-Dec-15,2.144,winter
18-Dec-15,4567,6826,-2259,21-Dec-15,2.133,winter
25-Dec-15,5119,7392,-2273,28-Dec-15,2.141,winter
1-Jan-16,4760,7010,-2250,4-Jan-16,2.135,winter
8-Jan-16,5518,7688,-2170,11-Jan-16,2.104,winter
15-Jan-16,5699,7279,-1580,18-Jan-16,2.022,winter
22-Jan-16,5644,7210,-1566,25-Jan-16,1.965,winter
29-Jan-16,5966,7857,-1891,1-Feb-16,1.932,winter
5-Feb-16,4679,6725,-2046,8-Feb-16,1.87,winter
12-Feb-16,5867,7520,-1653,15-Feb-16,1.834,winter
19-Feb-16,5436,7403,-1967,22-Feb-16,1.837,winter
26-Feb-16,5437,7905,-2468,29-Feb-16,1.887,winter
4-Mar-16,5217,7661,-2444,7-Mar-16,1.943,spring
11-Mar-16,4875,7306,-2431,14-Mar-16,2.062,spring
18-Mar-16,5482,7997,-2515,21-Mar-16,2.109,spring
25-Mar-16,4698,7361,-2663,28-Mar-16,2.169,spring
1-Apr-16,5445,6915,-1470,4-Apr-16,2.185,spring
8-Apr-16,5986,7601,-1615,11-Apr-16,2.173,spring
15-Apr-16,6003,7848,-1845,18-Apr-16,2.24,spring
22-Apr-16,6046,7160,-1114,25-Apr-16,2.265,spring
29-Apr-16,5860,7270,-1410,2-May-16,2.342,spring
6-May-16,5699,7265,-1566,9-May-16,2.325,spring
13-May-16,5789,7287,-1498,16-May-16,2.345,spring
20-May-16,5946,6925,-979,23-May-16,2.403,spring
27-May-16,5680,7350,-1670,30-May-16,2.44,spring
3-Jun-16,5813,7216,-1403,6-Jun-16,2.482,summer
10-Jun-16,5830,7133,-1303,13-Jun-16,2.499,summer
17-Jun-16,6503,7950,-1447,20-Jun-16,2.455,summer
24-Jun-16,5974,6957,-983,27-Jun-16,2.432,summer
1-Jul-16,6076,7765,-1689,4-Jul-16,2.396,summer
8-Jul-16,5622,7243,-1621,11-Jul-16,2.359,summer
15-Jul-16,6088,7536,-1448,18-Jul-16,2.336,summer
22-Jul-16,6218,7760,-1542,25-Jul-16,2.289,summer
29-Jul-16,6340,8061,-1721,1-Aug-16,2.267,summer
5-Aug-16,6029,7727,-1698,8-Aug-16,2.256,summer
12-Aug-16,5786,7516,-1730,15-Aug-16,2.256,summer
19-Aug-16,6591,7965,-1374,22-Aug-16,2.299,summer
26-Aug-16,6060,8219,-2159,29-Aug-16,2.341,summer
2-Sep-16,5037,6568,-1531,5-Sep-16,2.329,autumn
9-Sep-16,6059,7644,-1585,12-Sep-16,2.31,autumn
16-Sep-16,4607,7721,-3114,19-Sep-16,2.333,autumn
23-Sep-16,4514,7328,-2814,26-Sep-16,2.334,autumn
30-Sep-16,4678,7270,-2592,3-Oct-16,2.354,autumn
7-Oct-16,5255,7380,-2125,10-Oct-16,2.381,autumn
14-Oct-16,5181,6468,-1287,17-Oct-16,2.367,autumn
21-Oct-16,4468,6601,-2133,24-Oct-16,2.353,autumn
28-Oct-16,6359,8591,-2232,31-Oct-16,2.341,autumn
4-Nov-16,4342,7032,-2690,7-Nov-16,2.345,autumn
11-Nov-16,5668,7942,-2274,14-Nov-16,2.298,autumn
18-Nov-16,5139,7109,-1970,21-Nov-16,2.269,autumn
25-Nov-16,4979,7074,-2095,28-Nov-16,2.268,autumn
2-Dec-16,5249,7804,-2555,5-Dec-16,2.321,winter
9-Dec-16,3600,6875,-3275,12-Dec-16,2.347,winter
16-Dec-16,4794,7914,-3120,19-Dec-16,2.375,winter
23-Dec-16,3382,7540,-4158,26-Dec-16,2.419,winter
30-Dec-16,3756,6497,-2741,2-Jan-17,2.485,winter
6-Jan-17,5175,8325,-3150,9-Jan-17,2.496,winter
13-Jan-17,5341,7674,-2333,16-Jan-17,2.467,winter
20-Jan-17,4750,7211,-2461,23-Jan-17,2.436,winter
27-Jan-17,5013,7741,-2728,30-Jan-17,2.408,winter
3-Feb-17,5968,8805,-2837,6-Feb-17,2.405,winter
10-Feb-17,4946,7465,-2519,13-Feb-17,2.418,winter
17-Feb-17,3587,6075,-2488,20-Feb-17,2.414,winter
24-Feb-17,4576,6868,-2292,27-Feb-17,2.427,winter
3-Mar-17,4222,7253,-3031,6-Mar-17,2.452,spring
10-Mar-17,3873,6688,-2815,13-Mar-17,2.434,spring
17-Mar-17,4950,7757,-2807,20-Mar-17,2.433,spring
24-Mar-17,4394,7214,-2820,27-Mar-17,2.428,spring
31-Mar-17,4712,7275,-2563,3-Apr-17,2.471,spring
7-Apr-17,4300,7189,-2889,10-Apr-17,2.534,spring
14-Apr-17,3926,7245,-3319,17-Apr-17,2.546,spring
21-Apr-17,5301,7760,-2459,24-Apr-17,2.559,spring
28-Apr-17,5022,7726,-2704,1-May-17,2.522,spring
5-May-17,4904,6927,-2023,8-May-17,2.484,spring
12-May-17,4631,7504,-2873,15-May-17,2.481,spring
19-May-17,5227,7669,-2442,22-May-17,2.51,spring
26-May-17,3989,6682,-2693,29-May-17,2.516,spring
2-Jun-17,5516,7784,-2268,5-Jun-17,2.525,summer
9-Jun-17,4646,7303,-2657,12-Jun-17,2.479,summer
16-Jun-17,5245,7359,-2114,19-Jun-17,2.433,summer
23-Jun-17,4233,7488,-3255,26-Jun-17,2.404,summer
30-Jun-17,4917,6974,-2057,3-Jul-17,2.376,summer
7-Jul-17,3801,6692,-2891,10-Jul-17,2.411,summer
14-Jul-17,4435,7268,-2833,17-Jul-17,2.392,summer
21-Jul-17,4588,7014,-2426,24-Jul-17,2.426,summer
28-Jul-17,5000,7551,-2551,31-Jul-17,2.467,summer
4-Aug-17,5478,7055,-1577,7-Aug-17,2.492,summer
11-Aug-17,4633,7249,-2616,14-Aug-17,2.497,summer
18-Aug-17,5323,7854,-2531,21-Aug-17,2.474,summer
25-Aug-17,5085,7003,-1918,28-Aug-17,2.513,summer
1-Sep-17,6733,6930,-197,4-Sep-17,2.794,autumn
8-Sep-17,4698,5706,-1008,11-Sep-17,2.8,autumn
15-Sep-17,4005,6440,-2435,18-Sep-17,2.75,autumn
22-Sep-17,4257,5936,-1679,25-Sep-17,2.701,autumn
29-Sep-17,2751,5230,-2479,2-Oct-17,2.682,autumn
6-Oct-17,3856,6347,-2491,9-Oct-17,2.622,autumn
13-Oct-17,2870,5685,-2815,16-Oct-17,2.605,autumn
20-Oct-17,2156,6199,-4043,23-Oct-17,2.594,autumn
27-Oct-17,1951,5438,-3487,30-Oct-17,2.602,autumn
3-Nov-17,3696,6508,-2812,6-Nov-17,2.673,autumn
10-Nov-17,3839,6769,-2930,13-Nov-17,2.706,autumn
17-Nov-17,2783,6282,-3499,20-Nov-17,2.683,autumn
24-Nov-17,1772,5917,-4145,27-Nov-17,2.648,autumn
1-Dec-17,2771,5844,-3073,4-Dec-17,2.617,winter
8-Dec-17,3991,6277,-2286,11-Dec-17,2.601,winter
15-Dec-17,2762,5976,-3214,18-Dec-17,2.568,winter
22-Dec-17,3360,6783,-3423,25-Dec-17,2.589,winter
29-Dec-17,3898,6491,-2593,1-Jan-18,2.637,winter
5-Jan-18,3447,6643,-3196,8-Jan-18,2.639,winter
12-Jan-18,3179,6701,-3522,15-Jan-18,2.673,winter
19-Jan-18,4077,6630,-2553,22-Jan-18,2.684,winter
26-Jan-18,4596,6665,-2069,29-Jan-18,2.723,winter
2-Feb-18,4441,6605,-2164,5-Feb-18,2.753,winter
9-Feb-18,3560,6566,-3006,12-Feb-18,2.724,winter
16-Feb-18,2185,4977,-2792,19-Feb-18,2.676,winter
23-Feb-18,3436,5837,-2401,26-Feb-18,2.666,winter
2-Mar-18,4184,6505,-2321,5-Mar-18,2.679,spring
9-Mar-18,2933,6098,-3165,12-Mar-18,2.677,spring
16-Mar-18,2368,5504,-3136,19-Mar-18,2.716,spring
23-Mar-18,3823,6570,-2747,26-Mar-18,2.764,spring
30-Mar-18,3685,5723,-2038,2-Apr-18,2.817,spring
6-Apr-18,4325,7445,-3120,9-Apr-18,2.811,spring
13-Apr-18,3045,6181,-3136,16-Apr-18,2.863,spring
20-Apr-18,2188,6138,-3950,23-Apr-18,2.914,spring
27-Apr-18,3621,6401,-2780,30-Apr-18,2.961,spring
4-May-18,3163,5446,-2283,7-May-18,2.96,spring
11-May-18,2568,5035,-2467,14-May-18,2.949,spring
18-May-18,4137,6411,-2274,21-May-18,2.999,spring
25-May-18,3469,5452,-1983,28-May-18,3.039,spring
1-Jun-18,3176,6632,-3456,4-Jun-18,3.018,summer
8-Jun-18,4000,6069,-2069,11-Jun-18,2.989,summer
15-Jun-18,2542,5868,-3326,18-Jun-18,2.958,summer
22-Jun-18,1856,5356,-3500,25-Jun-18,2.913,summer
29-Jun-18,3906,6719,-2813,2-Jul-18,2.924,summer
6-Jul-18,1670,5404,-3734,9-Jul-18,2.937,summer
13-Jul-18,4918,7605,-2687,16-Jul-18,2.943,summer
20-Jul-18,2204,5087,-2883,23-Jul-18,2.911,summer
27-Jul-18,3707,6439,-2732,30-Jul-18,2.924,summer
3-Aug-18,3173,6081,-2908,6-Aug-18,2.93,summer
10-Aug-18,4252,7422,-3170,13-Aug-18,2.921,summer
17-Aug-18,3593,6363,-2770,20-Aug-18,2.9,summer
24-Aug-18,3532,5706,-2174,27-Aug-18,2.906,summer
31-Aug-18,4455,6206,-1751,3-Sep-18,2.903,summer
7-Sep-18,3831,5763,-1932,10-Sep-18,2.912,autumn
14-Sep-18,2763,5657,-2894,17-Sep-18,2.921,autumn
21-Sep-18,2245,5162,-2917,24-Sep-18,2.923,autumn
28-Sep-18,3065,6242,-3177,1-Oct-18,2.947,autumn
5-Oct-18,2330,4821,-2491,8-Oct-18,2.984,autumn
12-Oct-18,2169,5833,-3664,15-Oct-18,2.961,autumn
19-Oct-18,1855,5498,-3643,22-Oct-18,2.925,autumn
26-Oct-18,1204,4859,-3655,29-Oct-18,2.896,autumn
2-Nov-18,2106,5134,-3028,5-Nov-18,2.84,autumn
9-Nov-18,2638,5402,-2764,12-Nov-18,2.773,autumn
16-Nov-18,2215,5585,-3370,19-Nov-18,2.7,autumn
23-Nov-18,1382,5720,-4338,26-Nov-18,2.63,autumn
30-Nov-18,-211,4016,-4227,3-Dec-18,2.544,autumn
7-Dec-18,1322,5119,-3797,10-Dec-18,2.511,winter
14-Dec-18,1458,5098,-3640,17-Dec-18,2.46,winter
21-Dec-18,642,4687,-4045,24-Dec-18,2.413,winter
28-Dec-18,1392,5155,-3763,31-Dec-18,2.358,winter
4-Jan-19,2994,5781,-2787,7-Jan-19,2.329,winter
11-Jan-19,2237,4561,-2324,14-Jan-19,2.338,winter
18-Jan-19,3358,6156,-2798,21-Jan-19,2.34,winter
25-Jan-19,1709,5139,-3430,28-Jan-19,2.343,winter
1-Feb-19,1886,4276,-2390,4-Feb-19,2.341,winter
8-Feb-19,631,3846,-3215,11-Feb-19,2.361,winter
15-Feb-19,1106,3915,-2809,18-Feb-19,2.4,winter
22-Feb-19,-162,2558,-2720,25-Feb-19,2.471,winter
1-Mar-19,639,4198,-3559,4-Mar-19,2.502,spring
8-Mar-19,1113,4200,-3087,11-Mar-19,2.549,spring
15-Mar-19,1459,3540,-2081,18-Mar-19,2.625,spring
22-Mar-19,677,3654,-2977,25-Mar-19,2.701,spring
29-Mar-19,1276,4040,-2764,1-Apr-19,2.77,spring
5-Apr-19,1090,4250,-3160,8-Apr-19,2.826,spring
12-Apr-19,990,3591,-2601,15-Apr-19,2.912,spring
19-Apr-19,1770,4468,-2698,22-Apr-19,2.926,spring
26-Apr-19,1901,4803,-2902,29-Apr-19,2.972,spring
3-May-19,1679,4371,-2692,6-May-19,2.983,spring
10-May-19,1207,4265,-3058,13-May-19,2.954,spring
17-May-19,1633,4021,-2388,20-May-19,2.939,spring
24-May-19,861,3545,-2684,27-May-19,2.909,spring
31-May-19,2189,4629,-2440,3-Jun-19,2.893,spring
7-Jun-19,2320,4489,-2169,10-Jun-19,2.821,summer
14-Jun-19,740,4045,-3305,17-Jun-19,2.759,summer
21-Jun-19,-676,2886,-3562,24-Jun-19,2.741,summer
28-Jun-19,1347,4595,-3248,1-Jul-19,2.798,summer
5-Jul-19,1651,4254,-2603,8-Jul-19,2.827,summer
12-Jul-19,2167,4298,-2131,15-Jul-19,2.86,summer
19-Jul-19,1639,3736,-2097,22-Jul-19,2.833,summer
26-Jul-19,932,4089,-3157,29-Jul-19,2.798,summer
2-Aug-19,2845,5283,-2438,5-Aug-19,2.772,summer
9-Aug-19,2622,5031,-2410,12-Aug-19,2.71,summer
16-Aug-19,1353,4415,-3062,19-Aug-19,2.684,summer
23-Aug-19,242,2909,-2667,26-Aug-19,2.661,summer
30-Aug-19,781,3843,-3062,2-Sep-19,2.651,summer
6-Sep-19,620,3430,-2810,9-Sep-19,2.638,autumn
13-Sep-19,184,3875,-3691,16-Sep-19,2.64,autumn
20-Sep-19,693,3395,-2702,23-Sep-19,2.741,autumn
27-Sep-19,486,3424,-2938,30-Sep-19,2.737,autumn
4-Oct-19,-30,2823,-2853,7-Oct-19,2.742,autumn
11-Oct-19,-31,3047,-3078,14-Oct-19,2.727,autumn
18-Oct-19,-621,2174,-2795,21-Oct-19,2.735,autumn
25-Oct-19,773,3370,-2598,28-Oct-19,2.692,autumn
1-Nov-19,1439,3706,-2267,4-Nov-19,2.702,autumn
8-Nov-19,439,3117,-2678,11-Nov-19,2.711,autumn
15-Nov-19,-310,2945,-3255,18-Nov-19,2.688,autumn
22-Nov-19,113,2710,-2597,25-Nov-19,2.672,autumn
29-Nov-19,-62,2854,-2916,2-Dec-19,2.667,autumn
6-Dec-19,148,3487,-3339,9-Dec-19,2.652,winter
13-Dec-19,771,2946,-2175,16-Dec-19,2.627,winter
20-Dec-19,-408,3412,-3820,23-Dec-19,2.621,winter
27-Dec-19,-1730,1890,-3620,30-Dec-19,2.658,winter
3-Jan-20,610,3666,-3056,6-Jan-20,2.665,winter
10-Jan-20,74,3071,-2997,13-Jan-20,2.657,winter
17-Jan-20,15,3018,-3002,20-Jan-20,2.625,winter
24-Jan-20,-852,3151,-4004,27-Jan-20,2.595,winter
31-Jan-20,50,3202,-3152,3-Feb-20,2.546,winter
7-Feb-20,395,4008,-3613,10-Feb-20,2.511,winter
14-Feb-20,-1207,2983,-4191,17-Feb-20,2.518,winter
21-Feb-20,-1294,2560,-3853,24-Feb-20,2.555,winter
28-Feb-20,-1522,2084,-3606,2-Mar-20,2.514,winter
6-Mar-20,-339,3002,-3341,9-Mar-20,2.468,spring
13-Mar-20,-880,2161,-3041,16-Mar-20,2.343,spring
20-Mar-20,-1347,2267,-3613,23-Mar-20,2.217,spring
27-Mar-20,-196,2892,-3088,30-Mar-20,2.103,spring
3-Apr-20,-419,3041,-3460,6-Apr-20,2.022,spring
10-Apr-20,-2281,2244,-4525,13-Apr-20,1.951,spring
17-Apr-20,-1582,2047,-3629,20-Apr-20,1.91,spring
24-Apr-20,-1566,2000,-3567,27-Apr-20,1.87,spring
1-May-20,-398,2166,-2565,4-May-20,1.883,spring
8-May-20,-278,1866,-2144,11-May-20,1.941,spring
15-May-20,388,1958,-1570,18-May-20,1.969,spring
22-May-20,1232,4024,-2792,25-May-20,2.049,spring
29-May-20,794,3385,-2592,1-Jun-20,2.064,spring
5-Jun-20,1866,4425,-2559,8-Jun-20,2.123,summer
12-Jun-20,1479,4180,-2701,15-Jun-20,2.185,summer
19-Jun-20,951,3383,-2433,22-Jun-20,2.216,summer
26-Jun-20,70,2877,-2807,29-Jun-20,2.26,summer
3-Jul-20,2027,5007,-2980,6-Jul-20,2.265,summer
10-Jul-20,-75,3024,-3099,13-Jul-20,2.283,summer
17-Jul-20,-30,2948,-2977,20-Jul-20,2.275,summer
24-Jul-20,-35,1935,-1971,27-Jul-20,2.265,summer
31-Jul-20,182,3191,-3009,3-Aug-20,2.266,summer
7-Aug-20,118,2478,-2360,10-Aug-20,2.256,summer
14-Aug-20,-709,3593,-4302,17-Aug-20,2.256,summer
21-Aug-20,166,2553,-2387,24-Aug-20,2.272,summer
28-Aug-20,-1551,1898,-3449,31-Aug-20,2.311,summer
4-Sep-20,429,2479,-2050,7-Sep-20,2.302,autumn
11-Sep-20,-9,2413,-2422,14-Sep-20,2.274,autumn
18-Sep-20,-793,2146,-2938,21-Sep-20,2.259,autumn
25-Sep-20,-1579,1610,-3189,28-Sep-20,2.259,autumn
2-Oct-20,-10,3073,-3084,5-Oct-20,2.262,autumn
9-Oct-20,-204,3151,-3354,12-Oct-20,2.257,autumn
16-Oct-20,-1060,2082,-3142,19-Oct-20,2.24,autumn
23-Oct-20,-116,2204,-2319,26-Oct-20,2.234,autumn
30-Oct-20,-801,2764,-3565,2-Nov-20,2.204,autumn
6-Nov-20,-180,2734,-2914,9-Nov-20,2.188,autumn
13-Nov-20,-740,2506,-3246,16-Nov-20,2.202,autumn
20-Nov-20,-219,2397,-2616,23-Nov-20,2.194,autumn
27-Nov-20,-919,1943,-2862,30-Nov-20,2.211,autumn
4-Dec-20,1967,4645,-2678,7-Dec-20,2.246,winter
11-Dec-20,102,2797,-2695,14-Dec-20,2.247,winter
18-Dec-20,-1316,2465,-3781,21-Dec-20,2.311,winter
25-Dec-20,-1921,1701,-3623,28-Dec-20,2.33,winter
1-Jan-21,-1597,1737,-3334,4-Jan-21,2.336,winter
8-Jan-21,-114,3228,-3342,11-Jan-21,2.403,winter
15-Jan-21,527,3794,-3267,18-Jan-21,2.464,winter
22-Jan-21,-1003,1709,-2712,25-Jan-21,2.478,winter
29-Jan-21,56,3024,-2968,1-Feb-21,2.495,winter
5-Feb-21,556,3240,-2684,8-Feb-21,2.548,winter
12-Feb-21,-633,2036,-2669,15-Feb-21,2.588,winter
19-Feb-21,-395,2285,-2681,22-Feb-21,2.717,winter
26-Feb-21,2298,3941,-1643,1-Mar-21,2.796,winter
5-Mar-21,601,3022,-2421,8-Mar-21,2.857,spring
12-Mar-21,1368,2803,-1435,15-Mar-21,2.94,spring
19-Mar-21,745,3141,-2396,22-Mar-21,2.954,spring
26-Mar-21,1077,2971,-1893,29-Mar-21,2.941,spring
2-Apr-21,639,2830,-2190,5-Apr-21,2.945,spring
9-Apr-21,661,3273,-2613,12-Apr-21,2.939,spring
16-Apr-21,-142,2857,-2999,19-Apr-21,2.945,spring
23-Apr-21,1766,4075,-2308,26-Apr-21,2.962,spring
30-Apr-21,-1340,1329,-2670,3-May-21,2.981,spring
7-May-21,322,3692,-3370,10-May-21,3.051,spring
14-May-21,531,3105,-2574,17-May-21,3.118,spring
21-May-21,205,2840,-2635,24-May-21,3.112,spring
28-May-21,1089,3087,-1998,31-May-21,3.119,spring
4-Jun-21,919,3707,-2787,7-Jun-21,3.128,summer
11-Jun-21,-36,2862,-2898,14-Jun-21,3.161,summer
18-Jun-21,661,3292,-2630,21-Jun-21,3.153,summer
25-Jun-21,49,2689,-2641,28-Jun-21,3.185,summer
2-Jul-21,698,3247,-2548,5-Jul-21,3.216,summer
9-Jul-21,-962,2196,-3158,12-Jul-21,3.227,summer
16-Jul-21,1703,4634,-2931,19-Jul-21,3.247,summer
23-Jul-21,1115,4018,-2903,26-Jul-21,3.232,summer
30-Jul-21,1287,4528,-3241,2-Aug-21,3.256,summer
6-Aug-21,-752,3732,-4485,9-Aug-21,3.269,summer
13-Aug-21,261,2919,-2658,16-Aug-21,3.272,summer
20-Aug-21,1047,3345,-2298,23-Aug-21,3.243,summer
27-Aug-21,1512,3300,-1788,30-Aug-21,3.237,summer
3-Sep-21,191,3468,-3276,6-Sep-21,3.273,autumn
10-Sep-21,642,3137,-2495,13-Sep-21,3.262,autumn
17-Sep-21,1850,3656,-1806,20-Sep-21,3.28,autumn
24-Sep-21,1692,3532,-1840,27-Sep-21,3.271,autumn
1-Oct-21,2665,4921,-2256,4-Oct-21,3.285,autumn
8-Oct-21,313,3480,-3167,11-Oct-21,3.36,autumn
15-Oct-21,394,2765,-2371,18-Oct-21,3.416,autumn
22-Oct-21,382,3467,-3086,25-Oct-21,3.476,autumn
29-Oct-21,-46,3247,-3292,1-Nov-21,3.484,autumn
5-Nov-21,-1283,3055,-4339,8-Nov-21,3.505,autumn
12-Nov-21,-145,2565,-2710,15-Nov-21,3.495,autumn
19-Nov-21,935,3831,-2896,22-Nov-21,3.493,autumn
26-Nov-21,1266,3900,-2634,29-Nov-21,3.478,autumn
3-Dec-21,939,4229,-3290,6-Dec-21,3.44,winter
10-Dec-21,770,2826,-2056,13-Dec-21,3.414,winter
17-Dec-21,-313,3315,-3628,20-Dec-21,3.395,winter
24-Dec-21,213,3830,-3617,27-Dec-21,3.375,winter
31-Dec-21,947,3330,-2383,3-Jan-22,3.381,winter
7-Jan-22,1295,4114,-2820,10-Jan-22,3.394,winter
14-Jan-22,2185,4135,-1949,17-Jan-22,3.404,winter
21-Jan-22,1327,3440,-2113,24-Jan-22,3.421,winter
28-Jan-22,2093,4709,-2615,31-Jan-22,3.464,winter
4-Feb-22,981,3289,-2308,7-Feb-22,3.538,winter
11-Feb-22,1672,3519,-1848,14-Feb-22,3.581,winter
18-Feb-22,1324,4142,-2818,21-Feb-22,3.624,winter
25-Feb-22,-922,1971,-2893,28-Feb-22,3.701,winter
4-Mar-22,674,3897,-3222,7-Mar-22,4.196,spring
11-Mar-22,-801,3459,-4260,14-Mar-22,4.414,spring
18-Mar-22,-921,2642,-3563,21-Mar-22,4.343,spring
25-Mar-22,-220,3271,-3491,28-Mar-22,4.334,spring
1-Apr-22,-1307,2607,-3914,4-Apr-22,4.274,spring
8-Apr-22,-1036,3815,-4851,11-Apr-22,4.196,spring
15-Apr-22,-2904,1567,-4470,18-Apr-22,4.17,spring
22-Apr-22,-1434,2213,-3647,25-Apr-22,4.211,spring
29-Apr-22,-837,2758,-3595,2-May-22,4.285,spring
6-May-22,-700,3390,-4091,9-May-22,4.428,spring
13-May-22,-1001,3048,-4049,16-May-22,4.591,spring
20-May-22,-2086,2145,-4231,23-May-22,4.694,spring
27-May-22,-1407,2228,-3636,30-May-22,4.727,spring
3-Jun-22,668,3922,-3254,6-Jun-22,4.977,summer
10-Jun-22,-1315,3260,-4575,13-Jun-22,5.107,summer
17-Jun-22,-1494,2654,-4148,20-Jun-22,5.066,summer
24-Jun-22,-1146,2618,-3765,27-Jun-22,4.979,summer
1-Jul-22,-567,4227,-4794,4-Jul-22,4.879,summer
8-Jul-22,23,3651,-3628,11-Jul-22,4.754,summer
15-Jul-22,-667,2760,-3427,18-Jul-22,4.599,summer
22-Jul-22,-2580,1616,-4196,25-Jul-22,4.44,summer
29-Jul-22,-546,3830,-4376,1-Aug-22,4.304,summer
5-Aug-22,-376,4061,-4437,8-Aug-22,4.151,summer
12-Aug-22,-2730,1132,-3861,15-Aug-22,4.051,summer
19-Aug-22,-2611,1994,-4606,22-Aug-22,3.993,summer
26-Aug-22,-2064,1989,-4052,29-Aug-22,3.938,summer
2-Sep-22,-686,3346,-4032,5-Sep-22,3.859,autumn
9-Sep-22,-2400,2277,-4677,12-Sep-22,3.805,autumn
16-Sep-22,-1214,3407,-4621,19-Sep-22,3.771,autumn
23-Sep-22,-2694,1803,-4497,26-Sep-22,3.832,autumn
30-Sep-22,-3293,1396,-4689,3-Oct-22,3.909,autumn
7-Oct-22,-2002,3191,-5194,10-Oct-22,4.034,autumn
14-Oct-22,-1729,1770,-3499,17-Oct-22,3.99,autumn
21-Oct-22,-3007,1051,-4058,24-Oct-22,3.887,autumn
28-Oct-22,-1374,2280,-3654,31-Oct-22,3.857,autumn
4-Nov-22,-1105,2933,-4038,7-Nov-22,3.909,autumn
11-Nov-22,-2033,1697,-3731,14-Nov-22,3.876,autumn
18-Nov-22,-1257,2821,-4078,21-Nov-22,3.763,autumn
25-Nov-22,-3830,1089,-4918,28-Nov-22,3.649,autumn
2-Dec-22,-1394,2582,-3976,5-Dec-22,3.504,winter
9-Dec-22,-1724,2551,-4275,12-Dec-22,3.353,winter
16-Dec-22,-3000,1459,-4459,19-Dec-22,3.234,winter
23-Dec-22,-793,2787,-3580,26-Dec-22,3.203,winter
30-Dec-22,-3087,1505,-4592,2-Jan-23,3.331,winter
6-Jan-23,-752,4213,-4965,9-Jan-23,3.366,winter
13-Jan-23,-924,2989,-3912,16-Jan-23,3.416,winter
20-Jan-23,-2365,1198,-3563,23-Jan-23,3.519,winter
27-Jan-23,34,3791,-3756,30-Jan-23,3.594,winter
3-Feb-23,878,4158,-3280,6-Feb-23,3.552,winter
10-Feb-23,-721,3086,-3807,13-Feb-23,3.502,winter
17-Feb-23,-2198,1729,-3927,20-Feb-23,3.494,winter
24-Feb-23,-3065,579,-3645,27-Feb-23,3.457,winter
3-Mar-23,-995,2909,-3904,6-Mar-23,3.505,spring
10-Mar-23,-3545,1189,-4734,13-Mar-23,3.568,spring
17-Mar-23,-3695,1240,-4935,20-Mar-23,3.534,spring
24-Mar-23,-3022,741,-3763,27-Mar-23,3.533,spring
31-Mar-23,-2111,1905,-4016,3-Apr-23,3.606,spring
7-Apr-23,-203,3466,-3669,10-Apr-23,3.703,spring
14-Apr-23,-2546,1723,-4269,17-Apr-23,3.769,spring
21-Apr-23,-1681,1557,-3238,24-Apr-23,3.765,spring
28-Apr-23,-2309,1659,-3969,1-May-23,3.711,spring
5-May-23,-1627,2677,-4305,8-May-23,3.644,spring
12-May-23,-1925,2550,-4474,15-May-23,3.647,spring
19-May-23,-2236,1301,-3537,22-May-23,3.645,spring
26-May-23,-1881,2302,-4183,29-May-23,3.684,spring
2-Jun-23,-108,3925,-4033,5-Jun-23,3.655,summer
9-Jun-23,-1218,3111,-4329,12-Jun-23,3.707,summer
16-Jun-23,-1971,1618,-3589,19-Jun-23,3.69,summer
23-Jun-23,-2851,1242,-4093,26-Jun-23,3.685,summer
30-Jun-23,-597,3137,-3734,3-Jul-23,3.643,summer
7-Jul-23,-1419,3736,-5156,10-Jul-23,3.663,summer
14-Jul-23,-1326,3360,-4687,17-Jul-23,3.676,summer
21-Jul-23,-2411,1776,-4188,24-Jul-23,3.711,summer
28-Jul-23,-3142,1385,-4527,31-Jul-23,3.869,summer
4-Aug-23,-288,4322,-4610,7-Aug-23,3.94,summer
11-Aug-23,-1764,2559,-4323,14-Aug-23,3.962,summer
18-Aug-23,-1503,2675,-4178,21-Aug-23,3.984,summer
25-Aug-23,-1684,2089,-3773,28-Aug-23,3.931,summer
1-Sep-23,-2593,1838,-4432,4-Sep-23,3.925,autumn
8-Sep-23,431,4492,-4061,11-Sep-23,3.941,autumn
15-Sep-23,-2290,1450,-3741,18-Sep-23,4.001,autumn
22-Sep-23,-1706,3217,-4923,25-Sep-23,3.963,autumn